{
"lengthUnit": "mil",
"components": {
	"fields": ["COMPONENT_NO", "COMPONENT_NAME", "LAYER", "X_COORDINATE", "Y_COORDINATE", "ANGLE"],
	"rows": [
		[1, "C1", "T", 500, -485, 90],
		[2, "C2", "T", 375, -485, 90],
		[3, "H1", "T", 545, -612.5, 0],
		[4, "MIC1", "T", 665, -485, 0]
	]
},
"pins": {
	"fields": ["PIN_NO", "PIN_NAME", "PIN_X", "PIN_Y", "LAYER", "PIN_TYPE", "NET_NAME", "NET_TYPE", "PAD_SHAPE", "PAD_SIZEX", "PAD_SIZEY", "HOLE_SIZE", "PAD_ANGLE"],
	"rows": [
		[1, "C1_1", 500, -512.56, "T", "SMD", "GND", "GND", "R", 31.5, 35.43, 0, 90],
		[2, "C1_2", 500, -457.44, "T", "SMD", "VCC", "", "R", 31.5, 35.43, 0, 90],
		[3, "C2_1", 375, -512.56, "T", "SMD", "GND", "GND", "R", 31.5, 35.43, 0, 90],
		[4, "C2_2", 375, -457.44, "T", "SMD", "VCC", "", "R", 31.5, 35.43, 0, 90],
		[5, "H1_1", 345, -612.5, "T", "DIP", "GND", "GND", "R", 66.93, 66.93, 43.31, 0],
		[6, "H1_1", 345, -612.5, "B", "DIP", "GND", "GND", "R", 66.93, 66.93, 43.31, 0],
		[7, "H1_2", 445, -612.5, "T", "DIP", "VCC", "", "C", 66.93, 66.93, 43.31, 0],
		[8, "H1_2", 445, -612.5, "B", "DIP", "VCC", "", "C", 66.93, 66.93, 43.31, 0],
		[9, "H1_3", 545, -612.5, "T", "DIP", "DOUT", "", "C", 66.93, 66.93, 43.31, 0],
		[10, "H1_3", 545, -612.5, "B", "DIP", "DOUT", "", "C", 66.93, 66.93, 43.31, 0],
		[11, "H1_4", 645, -612.5, "T", "DIP", "CLK", "", "C", 66.93, 66.93, 43.31, 0],
		[12, "H1_4", 645, -612.5, "B", "DIP", "CLK", "", "C", 66.93, 66.93, 43.31, 0],
		[13, "H1_5", 745, -612.5, "T", "DIP", "LR", "", "C", 66.93, 66.93, 43.31, 0],
		[14, "H1_5", 745, -612.5, "B", "DIP", "LR", "", "C", 66.93, 66.93, 43.31, 0],
		[15, "MIC1_1", 638.42, -501.73, "T", "SMD", "VCC", "", "R", 15.75, 37.4, 0, 90],
		[16, "MIC1_2", 691.58, -501.73, "T", "SMD", "LR", "", "R", 15.75, 37.4, 0, 90],
		[17, "MIC1_3", 691.58, -468.27, "T", "SMD", "CLK", "", "R", 15.75, 37.4, 0, 90],
		[18, "MIC1_4", 638.42, -468.27, "T", "SMD", "DOUT", "", "R", 15.75, 37.4, 0, 90],
		[19, "MIC1_5", 597.09, -485, "T", "SMD", "GND", "GND", "R", 13.78, 51.18, 0, 180],
		[20, "MIC1_5", 732.91, -485, "T", "SMD", "GND", "GND", "R", 13.78, 51.18, 0, 180],
		[21, "MIC1_5", 665, -533.23, "T", "SMD", "GND", "GND", "R", 13.78, 90.55, 0, 270],
		[22, "MIC1_5", 665, -436.77, "T", "SMD", "GND", "GND", "R", 13.78, 90.55, 0, 270]
	]
}
}